checkin_id,checkin_time,account_type,acct_id,name,member_type,type,checkin_date,checkin_hour,checkin_month,checkin_month_num,checkin_year,checkin_day_of_week,date_hour
1,10:04:47,Couple,5,Blood Whose,Adult,Member,2023-05-27,10,May,5,2023,Saturday,2023-05-27_10
2,18:14:24,Couple,1149,Organization Protect,Child,Member,2025-10-20,18,October,10,2025,Monday,2025-10-20_18
3,19:26:23,Family,2313,Again Thing,Adult,member,2024-08-24,19,August,8,2024,Saturday,2024-08-24_19
4,11:45:35,Family,296,Field As,Adult,member,2024-07-25,11,July,7,2024,Thursday,2024-07-25_11
5,18:57:36,Couple,876,Memory Similar,Adult,member,2024-01-25,18,January,1,2024,Thursday,2024-01-25_18
6,03:50:24,Family,821,Rather Someone,Adult,member,2024-11-06,3,November,11,2024,Wednesday,2024-11-06_3
7,01:40:47,Family,836,Today Child,Adult,member,2026-02-25,1,February,2,2026,Wednesday,2026-02-25_1
8,21:36:00,Couple,970,If Win,Child,member,2025-02-02,21,February,2,2025,Sunday,2025-02-02_21
9,14:52:48,Couple,2610,Point Loss,Adult,member,2025-08-17,14,August,8,2025,Sunday,2025-08-17_14
10,12:57:36,Family,896,Help Responsibility,Child,member,2025-02-09,12,February,2,2025,Sunday,2025-02-09_12
11,00:00:00,Family,2052,Rather From,Child,member,2025-01-22,0,January,1,2025,Wednesday,2025-01-22_0
12,06:43:11,Family,1050,Issue None,Adult,member,2025-01-26,6,January,1,2025,Sunday,2025-01-26_6
13,08:09:35,Family,1916,Short Enjoy,Child,Member,2025-08-25,8,August,8,2025,Monday,2025-08-25_8
14,23:02:23,Family,1276,Player Side,Child,Member,2023-07-29,23,July,7,2023,Saturday,2023-07-29_23
15,15:07:11,Family,2116,Voice Value,Child,member,2025-12-01,15,December,12,2025,Monday,2025-12-01_15
16,21:07:11,Single,1209,Often Special,Adult,Member,2025-01-29,21,January,1,2025,Wednesday,2025-01-29_21
17,05:31:12,Single,637,Member Important,Adult,Member,2026-04-02,5,April,4,2026,Thursday,2026-04-02_5
18,21:21:35,Family,1165,Generation Center,Adult,guest,2025-05-14,21,May,5,2025,Wednesday,2025-05-14_21
19,17:31:12,Family,723,Hair Those,Child,member,2024-11-25,17,November,11,2024,Monday,2024-11-25_17
20,08:38:24,Family,383,Notice Door,Adult,Member,2025-04-03,8,April,4,2025,Thursday,2025-04-03_8
21,03:07:11,Closed,1474,Together International,Child,Member,2025-10-14,3,October,10,2025,Tuesday,2025-10-14_3
22,07:55:12,Family,1261,Member Back,Adult,member,2025-07-18,7,July,7,2025,Friday,2025-07-18_7
23,12:28:47,Family,1913,Design Commercial,Child,member,2024-06-23,12,June,6,2024,Sunday,2024-06-23_12
24,20:52:48,Family,741,Care Person,Adult,member,2024-08-23,20,August,8,2024,Friday,2024-08-23_20
25,10:47:59,Family,1153,Federal Travel,Child,Member,2025-02-10,10,February,2,2025,Monday,2025-02-10_10
26,07:55:12,Family,197,Expert Field,Child,member,2025-08-09,7,August,8,2025,Saturday,2025-08-09_7
27,13:26:23,Family,1383,Ten Federal,Adult,Member,2025-05-21,13,May,5,2025,Wednesday,2025-05-21_13
28,04:19:12,Family,983,Manager Music,Adult,member,2024-12-28,4,December,12,2024,Saturday,2024-12-28_4
29,21:07:11,Couple,1723,Fire Various,Child,Member,2025-09-10,21,September,9,2025,Wednesday,2025-09-10_21
30,13:12:00,Family,760,President Be,Child,member,2025-07-20,13,July,7,2025,Sunday,2025-07-20_13
31,22:33:36,Family,1482,Edge New,Child,guest,2024-08-01,22,August,8,2024,Thursday,2024-08-01_22
32,21:07:11,Single,1200,Yet Pressure,Child,Member,2023-12-15,21,December,12,2023,Friday,2023-12-15_21
33,04:19:12,Family,808,Method Exactly,Adult,member,2024-11-23,4,November,11,2024,Saturday,2024-11-23_4
34,17:45:35,Family,2042,Stay Imagine,Child,member,2025-04-14,17,April,4,2025,Monday,2025-04-14_17
35,15:50:24,Family,2052,Maintain Outside,Child,member,2024-11-29,15,November,11,2024,Friday,2024-11-29_15
36,09:50:24,Family,930,Key Conference,Child,member,2025-02-23,9,February,2,2025,Sunday,2025-02-23_9
37,15:36:00,Family,1422,Determine Risk,Child,Member,2024-11-27,15,November,11,2024,Wednesday,2024-11-27_15
38,01:40:47,Family,2000,Decide Candidate,Child,member,2024-02-16,1,February,2,2024,Friday,2024-02-16_1
39,11:31:12,Family,569,Building While,Adult,member,2024-10-13,11,October,10,2024,Sunday,2024-10-13_11
40,12:57:36,Family,1915,Few Individual,Child,member,2024-10-27,12,October,10,2024,Sunday,2024-10-27_12
41,10:19:12,Family,423,Skill Get,Child,Member,2024-03-15,10,March,3,2024,Friday,2024-03-15_10
42,19:12:00,Family,1735,Prepare Although,Adult,member,2024-03-14,19,March,3,2024,Thursday,2024-03-14_19
43,04:19:12,Family,1678,Popular Push,Child,member,2024-07-10,4,July,7,2024,Wednesday,2024-07-10_4
44,01:55:12,Closed,1244,Floor Religious,Adult,member,2023-06-06,1,June,6,2023,Tuesday,2023-06-06_1
45,00:57:36,Couple,2062,Break Sure,Child,member,2025-11-16,0,November,11,2025,Sunday,2025-11-16_0
46,09:21:35,Family,733,Per Main,Adult,Member,2023-06-06,9,June,6,2023,Tuesday,2023-06-06_9
47,23:02:23,Family,500,Cell Outside,Child,Member,2024-10-28,23,October,10,2024,Monday,2024-10-28_23
48,07:12:00,Family,716,Mouth Make,Adult,member,2024-07-24,7,July,7,2024,Wednesday,2024-07-24_7
49,05:16:48,Family,1130,Identify Least,Adult,Member,2025-12-23,5,December,12,2025,Tuesday,2025-12-23_5
50,10:04:47,Family,1655,Consider Maintain,Child,Member,2026-01-16,10,January,1,2026,Friday,2026-01-16_10
51,19:40:47,Family,1200,Indicate Entire,Child,member,2025-04-19,19,April,4,2025,Saturday,2025-04-19_19
52,06:28:47,Family,2417,Significant Up,Child,Member,2025-10-09,6,October,10,2025,Thursday,2025-10-09_6
53,20:52:48,Family,1153,Evening Evidence,Child,guest,2025-01-07,20,January,1,2025,Tuesday,2025-01-07_20
54,18:43:11,Family,1195,Edge Free,Adult,member,2026-07-03,18,July,7,2026,Friday,2026-07-03_18
55,19:40:47,Family,728,Follow On,Adult,member,2025-10-01,19,October,10,2025,Wednesday,2025-10-01_19
56,10:47:59,Family,2269,Crime Own,Child,Member,2024-12-21,10,December,12,2024,Saturday,2024-12-21_10
57,09:50:24,Family,467,Land Himself,Adult,Member,2024-10-14,9,October,10,2024,Monday,2024-10-14_9
58,15:07:11,Family,5,Here My,Adult,member,2024-02-11,15,February,2,2024,Sunday,2024-02-11_15
59,19:55:12,Family,1061,Technology Seven,Adult,member,2024-11-22,19,November,11,2024,Friday,2024-11-22_19
60,21:36:00,Couple,1848,Thus Clear,Child,member,2023-10-28,21,October,10,2023,Saturday,2023-10-28_21
61,06:00:00,Family,1813,Beyond Attack,Adult,member,2025-03-31,6,March,3,2025,Monday,2025-03-31_6
62,01:55:12,Couple,1156,None Exactly,Adult,member,2025-05-12,1,May,5,2025,Monday,2025-05-12_1
63,22:33:36,Family,2071,Friend Dark,Adult,member,2025-08-13,22,August,8,2025,Wednesday,2025-08-13_22
64,00:43:11,Family,715,Until Pretty,Adult,member,2026-04-30,0,April,4,2026,Thursday,2026-04-30_0
65,22:33:36,Family,1203,Article Choice,Child,member,2025-05-04,22,May,5,2025,Sunday,2025-05-04_22
66,15:36:00,Family,1867,Identify Consider,Child,Member,2025-11-01,15,November,11,2025,Saturday,2025-11-01_15
67,03:21:35,Family,1024,Until Compare,Child,member,2026-04-09,3,April,4,2026,Thursday,2026-04-09_3
68,03:21:35,Family,2025,In Democratic,Adult,member,2024-09-06,3,September,9,2024,Friday,2024-09-06_3
69,03:36:00,Single,883,Evening Really,Child,member,2025-11-21,3,November,11,2025,Friday,2025-11-21_3
70,07:40:47,Family,1327,Know Oil,Child,member,2024-08-03,7,August,8,2024,Saturday,2024-08-03_7
71,09:50:24,Family,1709,Late Top,Adult,member,2025-11-21,9,November,11,2025,Friday,2025-11-21_9
72,16:33:36,Family,1097,Actually Senior,Adult,member,2025-07-09,16,July,7,2025,Wednesday,2025-07-09_16
73,05:45:35,Family,1885,Air Subject,Child,member,2024-10-22,5,October,10,2024,Tuesday,2024-10-22_5
74,05:02:23,Family,1957,Country Physical,Child,member,2026-04-04,5,April,4,2026,Saturday,2026-04-04_5
75,00:14:24,Family,1439,Foot Write,Child,member,2023-11-25,0,November,11,2023,Saturday,2023-11-25_0
76,01:55:12,Family,2502,Total Stand,Child,member,2023-10-26,1,October,10,2023,Thursday,2023-10-26_1
77,04:47:59,Family,1629,Role Position,Child,member,2026-04-06,4,April,4,2026,Monday,2026-04-06_4
78,15:50:24,Family,1510,Inside Fact,Adult,member,2025-11-15,15,November,11,2025,Saturday,2025-11-15_15
79,20:38:24,Family,1468,Record Rock,Adult,Member,2024-12-22,20,December,12,2024,Sunday,2024-12-22_20
80,19:26:23,Family,1896,Later Task,Adult,member,2025-02-02,19,February,2,2025,Sunday,2025-02-02_19
81,23:31:12,Family,1241,Onto Head,Child,member,2025-02-16,23,February,2,2025,Sunday,2025-02-16_23
82,20:38:24,Family,965,Plan Reduce,Child,member,2025-10-24,20,October,10,2025,Friday,2025-10-24_20
83,12:28:47,Family,1730,Interesting Start,Child,member,2025-09-10,12,September,9,2025,Wednesday,2025-09-10_12
84,10:04:47,Family,1205,Off Future,Adult,Member,2024-06-25,10,June,6,2024,Tuesday,2024-06-25_10
85,01:55:12,Couple,1853,Maybe Give,Adult,member,2025-04-16,1,April,4,2025,Wednesday,2025-04-16_1
86,10:04:47,Single,837,Whether Word,Child,member,2023-05-27,10,May,5,2023,Saturday,2023-05-27_10
87,19:40:47,Family,1760,Once My,Adult,member,2025-01-20,19,January,1,2025,Monday,2025-01-20_19
88,23:31:12,Family,755,Hotel Pass,Adult,member,2024-12-10,23,December,12,2024,Tuesday,2024-12-10_23
89,20:23:59,Family,972,Night Bar,Child,Member,2025-01-05,20,January,1,2025,Sunday,2025-01-05_20
90,10:04:47,Family,1026,Space Follow,Child,member,2023-05-27,10,May,5,2023,Saturday,2023-05-27_10
91,20:38:24,Family,1104,Once Table,Adult,Member,2024-06-09,20,June,6,2024,Sunday,2024-06-09_20
92,08:09:35,Family,5,Free Affect,Child,member,2024-01-20,8,January,1,2024,Saturday,2024-01-20_8
93,10:04:47,Family,973,Reach Together,Adult,member,2023-05-27,10,May,5,2023,Saturday,2023-05-27_10
94,03:50:24,Closed,1349,Long Raise,Child,member,2026-02-17,3,February,2,2026,Tuesday,2026-02-17_3
95,17:31:12,Family,1538,Into Up,Child,Member,2026-09-07,17,September,9,2026,Monday,2026-09-07_17
96,00:00:00,Family,1227,True According,Child,member,2024-06-12,0,June,6,2024,Wednesday,2024-06-12_0
97,17:31:12,Couple,1168,Option Team,Child,Member,2026-08-16,17,August,8,2026,Sunday,2026-08-16_17
98,17:16:48,Couple,1630,Program Meet,Adult,member,2024-05-06,17,May,5,2024,Monday,2024-05-06_17
99,23:45:35,Family,374,Reduce Before,Child,member,2024-06-18,23,June,6,2024,Tuesday,2024-06-18_23
100,10:04:47,Family,2028,Position Reach,Child,member,2023-05-27,10,May,5,2023,Saturday,2023-05-27_10
101,10:33:36,Family,1470,Detail Budget,Child,member,2024-12-16,10,December,12,2024,Monday,2024-12-16_10
102,10:04:47,Family,1637,Rise Loss,Adult,member,2023-05-27,10,May,5,2023,Saturday,2023-05-27_10
103,18:28:47,Family,651,Material Affect,Child,Member,2025-09-04,18,September,9,2025,Thursday,2025-09-04_18
104,17:31:12,Family,727,Participant Himself,Adult,member,2026-09-07,17,September,9,2026,Monday,2026-09-07_17
105,01:12:00,Single,779,Political Job,Child,member,2025-03-12,1,March,3,2025,Wednesday,2025-03-12_1
106,17:31:12,Family,1495,Character Effort,Adult,member,2026-09-07,17,September,9,2026,Monday,2026-09-07_17
107,07:55:12,Family,1921,Ball Mrs,Adult,member,2025-09-23,7,September,9,2025,Tuesday,2025-09-23_7
108,12:43:11,Family,2469,Respond Ahead,Child,member,2025-07-12,12,July,7,2025,Saturday,2025-07-12_12
109,04:33:36,Family,1056,Choice Myself,Child,member,2024-01-03,4,January,1,2024,Wednesday,2024-01-03_4
110,17:31:12,Couple,959,Too Throughout,Child,member,2026-09-07,17,September,9,2026,Monday,2026-09-07_17
111,08:52:48,Family,1517,Finally Decide,Unknown,member,2023-12-14,8,December,12,2023,Thursday,2023-12-14_8
112,16:19:12,Single,1589,Me Produce,Child,member,2024-10-23,16,October,10,2024,Wednesday,2024-10-23_16
113,10:47:59,Family,1016,Listen From,Adult,Member,2023-06-04,10,June,6,2023,Sunday,2023-06-04_10
114,22:33:36,Family,671,Music Ball,Child,Member,2023-11-04,22,November,11,2023,Saturday,2023-11-04_22
115,05:31:12,Family,631,Their Question,Child,member,2024-05-27,5,May,5,2024,Monday,2024-05-27_5
116,20:09:35,Family,1680,Financial Participant,Child,Member,2025-11-13,20,November,11,2025,Thursday,2025-11-13_20
117,10:33:36,Family,1722,Your Would,Child,member,2026-04-27,10,April,4,2026,Monday,2026-04-27_10
118,10:47:59,Family,1514,Leader Offer,Child,Member,2025-02-26,10,February,2,2025,Wednesday,2025-02-26_10
119,12:57:36,Closed,2046,Community Least,Adult,member,2023-09-15,12,September,9,2023,Friday,2023-09-15_12
120,23:31:12,Family,2610,Cut Behavior,Adult,Member,2024-11-07,23,November,11,2024,Thursday,2024-11-07_23
121,14:38:24,Family,996,Stand Thing,Adult,Member,2024-09-07,14,September,9,2024,Saturday,2024-09-07_14
122,18:00:00,Family,1483,Perhaps Fast,Child,member,2025-09-12,18,September,9,2025,Friday,2025-09-12_18
123,05:16:48,Family,317,Page Often,Child,member,2026-01-11,5,January,1,2026,Sunday,2026-01-11_5
124,18:43:11,Family,1905,Somebody Nature,Child,Member,2024-03-07,18,March,3,2024,Thursday,2024-03-07_18
125,08:52:48,Family,1772,Positive Forget,Child,member,2024-05-14,8,May,5,2024,Tuesday,2024-05-14_8
126,20:38:24,Family,1560,Method Vote,Child,member,2025-02-14,20,February,2,2025,Friday,2025-02-14_20
127,02:23:59,Single,1054,Other Exist,Adult,Member,2025-02-13,2,February,2,2025,Thursday,2025-02-13_2
128,15:07:11,Family,1307,End Choice,Adult,member,2025-09-17,15,September,9,2025,Wednesday,2025-09-17_15
129,06:57:36,Family,1697,Current North,Child,member,2024-04-12,6,April,4,2024,Friday,2024-04-12_6
130,12:14:24,Family,1879,Once Task,Child,member,2025-03-10,12,March,3,2025,Monday,2025-03-10_12
131,22:33:36,Family,1605,Together All,Adult,member,2024-04-01,22,April,4,2024,Monday,2024-04-01_22
132,10:04:47,Family,2534,Clearly Per,Child,Member,2023-05-27,10,May,5,2023,Saturday,2023-05-27_10
133,00:57:36,Family,2016,View Whether,Adult,member,2025-07-12,0,July,7,2025,Saturday,2025-07-12_0
134,21:21:35,Family,1153,Artist Its,Adult,Member,2024-09-12,21,September,9,2024,Thursday,2024-09-12_21
135,11:45:35,Family,1298,Investment Down,Child,Guest,2025-07-04,11,July,7,2025,Friday,2025-07-04_11
136,04:19:12,Single,116,Site Hear,Child,Member,2024-08-27,4,August,8,2024,Tuesday,2024-08-27_4
137,13:12:00,Family,537,Up Across,Child,member,2025-11-23,13,November,11,2025,Sunday,2025-11-23_13
138,10:04:47,Family,446,Provide Serve,Adult,Member,2023-05-27,10,May,5,2023,Saturday,2023-05-27_10
139,18:43:11,Family,613,Cause Partner,Adult,member,2025-02-08,18,February,2,2025,Saturday,2025-02-08_18
140,21:07:11,Closed,714,Economic Majority,Child,member,2025-08-22,21,August,8,2025,Friday,2025-08-22_21
141,23:31:12,Couple,965,Government Per,Child,Member,2025-03-19,23,March,3,2025,Wednesday,2025-03-19_23
142,01:40:47,Family,1485,It Term,Adult,Member,2025-11-23,1,November,11,2025,Sunday,2025-11-23_1
143,23:45:35,Closed,1580,Able Activity,Adult,Member,2023-12-20,23,December,12,2023,Wednesday,2023-12-20_23
144,10:04:47,Family,640,Fly Still,Unknown,member,2023-05-27,10,May,5,2023,Saturday,2023-05-27_10
145,01:12:00,Family,1675,Management Church,Child,member,2026-03-18,1,March,3,2026,Wednesday,2026-03-18_1
146,17:16:48,Family,1770,Others Actually,Adult,Member,2025-12-17,17,December,12,2025,Wednesday,2025-12-17_17
147,22:04:47,Family,1318,Thus I,Adult,member,2026-02-15,22,February,2,2026,Sunday,2026-02-15_22
148,17:31:12,Family,1084,Chair Expect,Adult,member,2026-02-03,17,February,2,2026,Tuesday,2026-02-03_17
149,15:50:24,Closed,1124,Million Wife,Child,member,2025-12-02,15,December,12,2025,Tuesday,2025-12-02_15
150,02:52:48,Family,355,Often Effect,Adult,member,2025-05-03,2,May,5,2025,Saturday,2025-05-03_2
151,22:33:36,Family,1342,Much Trouble,Adult,member,2023-11-17,22,November,11,2023,Friday,2023-11-17_22
152,20:23:59,Family,1575,Others By,Child,member,2025-01-31,20,January,1,2025,Friday,2025-01-31_20
153,18:57:36,Family,2161,Exist Those,Child,member,2025-05-03,18,May,5,2025,Saturday,2025-05-03_18
154,14:38:24,Family,721,Organization Republican,Child,member,2025-06-05,14,June,6,2025,Thursday,2025-06-05_14
155,17:31:12,Family,413,Class Once,Adult,member,2026-09-07,17,September,9,2026,Monday,2026-09-07_17
156,13:55:12,Single,2039,Good Establish,Child,Member,2024-10-29,13,October,10,2024,Tuesday,2024-10-29_13
157,12:28:47,Closed,1764,May Also,Adult,member,2024-04-08,12,April,4,2024,Monday,2024-04-08_12
158,15:21:35,Family,1282,Truth Decision,Child,Member,2026-01-02,15,January,1,2026,Friday,2026-01-02_15
159,21:50:24,Family,280,Bag Heavy,Adult,member,2024-09-25,21,September,9,2024,Wednesday,2024-09-25_21
160,17:31:12,Family,1578,Your Thousand,Adult,member,2026-09-07,17,September,9,2026,Monday,2026-09-07_17
161,20:09:35,Family,2344,Issue Theory,Child,member,2025-01-10,20,January,1,2025,Friday,2025-01-10_20
162,08:23:59,Couple,455,Affect Whose,Adult,member,2025-07-05,8,July,7,2025,Saturday,2025-07-05_8
163,23:02:23,Family,675,Room Until,Adult,member,2025-07-18,23,July,7,2025,Friday,2025-07-18_23
164,10:33:36,Family,1598,Like Senior,Child,member,2026-07-28,10,July,7,2026,Tuesday,2026-07-28_10
165,05:45:35,Couple,1240,Mother Member,Child,member,2026-01-01,5,January,1,2026,Thursday,2026-01-01_5
166,17:31:12,Family,1339,Trade Miss,Child,member,2026-09-07,17,September,9,2026,Monday,2026-09-07_17
167,12:28:47,Family,1442,Each Some,Child,member,2024-02-18,12,February,2,2024,Sunday,2024-02-18_12
168,02:52:48,Couple,1615,Indicate Decision,Child,member,2025-01-09,2,January,1,2025,Thursday,2025-01-09_2
169,07:12:00,Single,708,Much Civil,Adult,member,2026-07-22,7,July,7,2026,Wednesday,2026-07-22_7
170,10:04:47,Family,1378,Course Off,Child,member,2023-05-27,10,May,5,2023,Saturday,2023-05-27_10
171,10:04:47,Family,530,Event Consider,Adult,member,2023-05-27,10,May,5,2023,Saturday,2023-05-27_10
172,10:04:47,Family,1724,Team Just,Adult,member,2023-05-27,10,May,5,2023,Saturday,2023-05-27_10
173,10:04:47,Family,1247,Agreement Hold,Child,Member,2023-05-27,10,May,5,2023,Saturday,2023-05-27_10
174,18:00:00,Family,620,Ready Check,Child,Member,2024-05-30,18,May,5,2024,Thursday,2024-05-30_18
175,10:04:47,Family,2174,After Bit,Adult,member,2023-05-27,10,May,5,2023,Saturday,2023-05-27_10
176,17:31:12,Closed,2037,Professor Chair,Child,member,2026-09-07,17,September,9,2026,Monday,2026-09-07_17
177,10:04:47,Single,1313,If Else,Adult,Member,2023-05-27,10,May,5,2023,Saturday,2023-05-27_10
178,02:09:35,Family,1435,Indicate He,Child,Member,2025-01-31,2,January,1,2025,Friday,2025-01-31_2
179,13:40:47,Single,1710,Less Stock,Child,member,2024-08-17,13,August,8,2024,Saturday,2024-08-17_13
180,15:07:11,Family,1011,Impact Seven,Adult,Member,2024-07-05,15,July,7,2024,Friday,2024-07-05_15
181,17:31:12,Closed,541,Rate Activity,Child,member,2026-09-07,17,September,9,2026,Monday,2026-09-07_17
182,17:31:12,Family,333,Picture Check,Child,member,2026-09-07,17,September,9,2026,Monday,2026-09-07_17
183,06:28:47,Family,2122,Win If,Child,member,2023-11-05,6,November,11,2023,Sunday,2023-11-05_6
184,17:45:35,Family,616,Benefit Card,Child,member,2026-08-18,17,August,8,2026,Tuesday,2026-08-18_17
185,23:02:23,Family,2279,Not Lawyer,Child,Member,2026-07-17,23,July,7,2026,Friday,2026-07-17_23
186,00:00:00,Closed,2047,Up Sing,Adult,member,2025-05-11,0,May,5,2025,Sunday,2025-05-11_0
187,10:04:47,Couple,812,Right Thousand,Adult,member,2023-05-27,10,May,5,2023,Saturday,2023-05-27_10
188,17:31:12,Family,2153,But Drug,Adult,member,2026-09-07,17,September,9,2026,Monday,2026-09-07_17
189,21:21:35,Family,1556,Authority Attack,Adult,member,2024-12-19,21,December,12,2024,Thursday,2024-12-19_21
190,14:38:24,Family,1115,Paper Kitchen,Child,member,2025-04-08,14,April,4,2025,Tuesday,2025-04-08_14
191,15:07:11,Couple,599,Yourself Community,Unknown,member,2026-01-16,15,January,1,2026,Friday,2026-01-16_15
192,09:50:24,Family,1296,Yet Five,Child,member,2024-08-24,9,August,8,2024,Saturday,2024-08-24_9
193,05:31:12,Family,1847,Media Season,Adult,member,2025-08-13,5,August,8,2025,Wednesday,2025-08-13_5
194,10:04:47,Family,1083,Able Yet,Child,member,2023-05-27,10,May,5,2023,Saturday,2023-05-27_10
195,16:47:59,Family,1305,Friend Per,Child,member,2024-10-12,16,October,10,2024,Saturday,2024-10-12_16
196,05:16:48,Family,888,May Hand,Adult,Member,2024-12-03,5,December,12,2024,Tuesday,2024-12-03_5
197,19:12:00,Family,624,Old Ever,Adult,member,2026-01-24,19,January,1,2026,Saturday,2026-01-24_19
198,17:31:12,Single,2030,Design Person,Adult,Member,2026-09-07,17,September,9,2026,Monday,2026-09-07_17
199,05:31:12,Family,5,Customer Stuff,Adult,member,2024-03-07,5,March,3,2024,Thursday,2024-03-07_5
200,08:38:24,Family,1103,Sport Thousand,Adult,member,2024-03-26,8,March,3,2024,Tuesday,2024-03-26_8
